Log Number,Voltage (V),Current (mA),Power (mW),Energy (J),State
192.0,7.456,575.2,4288.6912,0.0,DRIVING
192.5,7.455,566.1,4220.275500000001,0.0,DRIVING
193.0,7.461,567.4,4233.3714,0.0,DRIVING
193.5,7.46,571.0,4259.66,0.0,DRIVING
194.0,7.455,570.7,4254.5685,0.0,DRIVING
194.5,7.457,570.3,4252.727099999999,0.0,DRIVING
